{"loss": [0.019023071974515915, 0.01767789013683796, 0.016500409692525864, 0.01518910750746727, 0.014599684625864029, 0.014065596275031567], "accuracy": [0.9927786588668823, 0.9934858083724976, 0.9939143657684326, 0.9943929314613342, 0.9948143362998962, 0.9949572086334229], "val_loss": [0.19245624542236328, 0.1691066026687622, 0.16817829012870789, 0.20662079751491547, 0.25023478269577026, 0.18841053545475006], "val_accuracy": [0.9558435678482056, 0.9632748365402222, 0.9662169218063354, 0.9619306325912476, 0.9602313041687012, 0.9619052410125732]}